Length(mm),Width(mm),Depth(mm),Area(mm^2),Volume(mm^3)
6.774,3.274,2.896,17.587,33.6295493185505
6.427,3.3,2.874,13.92,31.9159389668914
6.775,3.314,2.929,17.342,34.4333912770928
6.639,3.346,2.633,17.252,30.6251402803474
6.736,3.305,3.054,16.911,35.599278601913
6.391,3.406,2.959,14.569,33.7253952881258
6.371,3.214,2.714,16.132,29.0979198406635
6.485,3.289,2.321,15.916,25.9207531788776
7.124,3.604,3.054,19.62,41.0559729095385
5.9,3.24,2.762,12.384,27.645173404759
