Length(mm),Width(mm),Depth(mm),Area(mm^2),Volume(mm^3)
5.405,2.493,2.13,9.929,15.0278275436221
5.408,2.5145,2.133,10.09,15.1871575446725
5.446,2.528,2.178,10.08,15.7004176147844
5.765,2.49,2.158,9.896,16.2199205054502
5.593,2.583,2.153,10.017,16.2859042697367
5.486,2.509,2.153,9.999,15.5166911806655
5.452,2.4995,2.1675,10.0175,15.4652515509921
5.35,2.513,2.134,9.817,15.0223995260152
5.42,2.491,2.13,9.805,15.0574434161074
