Length(mm),Width(mm),Depth(mm),Area(mm^2),Volume(mm^3)
6.2245,2.302,2.232,9.9935,16.7484008146864
6.473,2.604,2.256,10.556,19.910598027548
7.239,2.398,2.233,10.538,20.2962171500691
7.302,2.328,2.221,10.484,19.7684211805057
6.377,2.342,2.221,10.245,17.368027119568
6.17,2.312,2.232,9.9505,16.6704544616923
6.372,2.529,2.311,10.54,19.4994860273243
6.111,2.368,2.232,9.983,16.9116816337014
6.972,2.358,2.2245,10.243,19.1692971577291
7.2155,2.3405,2.238,10.5165,19.788598021886
