Length(mm),Width(mm),Depth(mm),Area(mm^2),Volume(mm^3),Main Angle, Side Angle
6.943,3.947,3.527,18.971,50.6079066669811,-52.1250152587891,-38.6598052978516
