Length(mm),Width(mm),Depth(mm),Area(mm^2),Volume(mm^3)
13.778,6.574,5.005,69.266,237.366039896441
13.708,6.923,5.158,72.779,256.299870932151
13.626,6.448,5.092,67.08,234.250448297251
13.659,6.696,5.05,71.002,241.837893013327
13.717,6.701,4.904,71.126,236.019475220724
13.718,6.525,4.747,66.657,222.479074162687
13.849,6.987,4.845,74.727,245.471774563058
13.724,6.946,4.782,73.064,238.6842061328
13.739,6.594,4.995,69.883,236.939889298483
