Length(mm),Width(mm),Depth(mm),Area(mm^2),Volume(mm^3)
13.347,6.6,6.234,67.372,287.536522655013
11.215,6.143,5.397,45.481,194.684256811675
