Length(mm),Width(mm),Depth(mm),Area(mm^2),Volume(mm^3)
14.268,7.029,5.7,76.527,299.316130398126
14.268,7.029,5.7,76.537,299.316130398126
14.268,7.029,5.682,76.478,298.370921565289
14.268,7.029,5.682,76.438,298.370921565289
14.268,7.029,5.7,76.431,299.316130398126
14.268,7.029,5.685,76.421,298.528456370762
14.226,7.029,5.684,76.38,297.597336016464
14.268,7.029,5.71,76.43,299.841246416368
14.268,7.029,5.7,76.46,299.316130398126
14.268,7.029,5.7,76.411,299.316130398126
